subtype,accuracy,n
abstract,0.8514129443938013,1097
cartoon,0.8701298701298701,1001
painting,0.9362101313320825,1066
real,0.7821409359870898,1859
sketch,0.9106628242074928,1041
