subtype,mean_confidence,n
abstract,0.36390988856771367,1097
cartoon,0.31188292394032163,1102
painting,0.4378260979935611,1066
real,0.4975783231148658,1859
sketch,0.35232325172361334,1041
