accuracy,macro_f1,n
0.9389978213507625,0.9432573064156665,918
