subtype,accuracy,macro_f1,mean_confidence,n
abstract,0.9006211180124224,0.9101211984392794,0.9485102158895931,161.0
cartoon,0.9523809523809523,0.942111277932519,0.9734891669026443,168.0
painting,0.9554140127388535,0.9471018901830914,0.9810798585794533,157.0
real,0.9477351916376306,0.9621410143870364,0.9614533154806609,287.0
sketch,0.95625,0.9515932842977104,0.968317331187427,160.0
