accuracy,macro_f1,n
0.9431939978563773,0.9470381409481883,933
